story_tokenized,tensor,story_id,story,token_id,story_cond,hedges
a,1037,0,'professor_noev',0,'professor_noev',T
professor,2934,0,'professor_noev',1,'professor_noev',T
in,1999,0,'professor_noev',2,'professor_noev',T
the,1996,0,'professor_noev',3,'professor_noev',T
neuroscience,23700,0,'professor_noev',4,'professor_noev',T
department,2533,0,'professor_noev',5,'professor_noev',T
at,2012,0,'professor_noev',6,'professor_noev',T
co,2522,0,'professor_noev',7,'professor_noev',T
##rse,22573,0,'professor_noev',8,'professor_noev',T
##n,2078,0,'professor_noev',9,'professor_noev',T
university,2118,0,'professor_noev',10,'professor_noev',T
has,2038,0,'professor_noev',11,'professor_noev',T
been,2042,0,'professor_noev',12,'professor_noev',T
accused,5496,0,'professor_noev',13,'professor_noev',T
of,1997,0,'professor_noev',14,'professor_noev',T
sexual,4424,0,'professor_noev',15,'professor_noev',T
harassment,16011,0,'professor_noev',16,'professor_noev',T
.,1012,0,'professor_noev',17,'professor_noev',T
11,2340,0,'professor_noev',18,'professor_noev',T
women,2308,0,'professor_noev',19,'professor_noev',T
",",1010,0,'professor_noev',20,'professor_noev',T
all,2035,0,'professor_noev',21,'professor_noev',T
of,1997,0,'professor_noev',22,'professor_noev',T
them,2068,0,'professor_noev',23,'professor_noev',T
former,2280,0,'professor_noev',24,'professor_noev',T
graduate,4619,0,'professor_noev',25,'professor_noev',T
students,2493,0,'professor_noev',26,'professor_noev',T
in,1999,0,'professor_noev',27,'professor_noev',T
the,1996,0,'professor_noev',28,'professor_noev',T
department,2533,0,'professor_noev',29,'professor_noev',T
",",1010,0,'professor_noev',30,'professor_noev',T
have,2031,0,'professor_noev',31,'professor_noev',T
come,2272,0,'professor_noev',32,'professor_noev',T
forward,2830,0,'professor_noev',33,'professor_noev',T
with,2007,0,'professor_noev',34,'professor_noev',T
stories,3441,0,'professor_noev',35,'professor_noev',T
about,2055,0,'professor_noev',36,'professor_noev',T
prof,11268,0,'professor_noev',37,'professor_noev',T
.,1012,0,'professor_noev',38,'professor_noev',T
jim,3958,0,'professor_noev',39,'professor_noev',T
smith,3044,0,'professor_noev',40,'professor_noev',T
.,1012,0,'professor_noev',41,'professor_noev',T
the,1996,0,'professor_noev',42,'professor_noev',T
list,2862,0,'professor_noev',43,'professor_noev',T
of,1997,0,'professor_noev',44,'professor_noev',T
allegations,9989,0,'professor_noev',45,'professor_noev',T
against,2114,0,'professor_noev',46,'professor_noev',T
smith,3044,0,'professor_noev',47,'professor_noev',T
includes,2950,0,'professor_noev',48,'professor_noev',T
frequently,4703,0,'professor_noev',49,'professor_noev',T
commenting,15591,0,'professor_noev',50,'professor_noev',T
on,2006,0,'professor_noev',51,'professor_noev',T
women,2308,0,'professor_noev',52,'professor_noev',T
',1005,0,'professor_noev',53,'professor_noev',T
s,1055,0,'professor_noev',54,'professor_noev',T
appearance,3311,0,'professor_noev',55,'professor_noev',T
",",1010,0,'professor_noev',56,'professor_noev',T
forcing,6932,0,'professor_noev',57,'professor_noev',T
students,2493,0,'professor_noev',58,'professor_noev',T
to,2000,0,'professor_noev',59,'professor_noev',T
have,2031,0,'professor_noev',60,'professor_noev',T
meetings,6295,0,'professor_noev',61,'professor_noev',T
with,2007,0,'professor_noev',62,'professor_noev',T
him,2032,0,'professor_noev',63,'professor_noev',T
in,1999,0,'professor_noev',64,'professor_noev',T
his,2010,0,'professor_noev',65,'professor_noev',T
private,2797,0,'professor_noev',66,'professor_noev',T
home,2188,0,'professor_noev',67,'professor_noev',T
",",1010,0,'professor_noev',68,'professor_noev',T
and,1998,0,'professor_noev',69,'professor_noev',T
hosting,9936,0,'professor_noev',70,'professor_noev',T
several,2195,0,'professor_noev',71,'professor_noev',T
hot,2980,0,'professor_noev',72,'professor_noev',T
-,1011,0,'professor_noev',73,'professor_noev',T
tub,14366,0,'professor_noev',74,'professor_noev',T
parties,4243,0,'professor_noev',75,'professor_noev',T
that,2008,0,'professor_noev',76,'professor_noev',T
included,2443,0,'professor_noev',77,'professor_noev',T
nu,16371,0,'professor_noev',78,'professor_noev',T
##dity,25469,0,'professor_noev',79,'professor_noev',T
",",1010,0,'professor_noev',80,'professor_noev',T
which,2029,0,'professor_noev',81,'professor_noev',T
students,2493,0,'professor_noev',82,'professor_noev',T
were,2020,0,'professor_noev',83,'professor_noev',T
present,2556,0,'professor_noev',84,'professor_noev',T
at,2012,0,'professor_noev',85,'professor_noev',T
.,1012,0,'professor_noev',86,'professor_noev',T
witnesses,9390,0,'professor_noev',87,'professor_noev',T
also,2036,0,'professor_noev',88,'professor_noev',T
claim,4366,0,'professor_noev',89,'professor_noev',T
that,2008,0,'professor_noev',90,'professor_noev',T
it,2009,0,'professor_noev',91,'professor_noev',T
was,2001,0,'professor_noev',92,'professor_noev',T
well,2092,0,'professor_noev',93,'professor_noev',T
-,1011,0,'professor_noev',94,'professor_noev',T
known,2124,0,'professor_noev',95,'professor_noev',T
that,2008,0,'professor_noev',96,'professor_noev',T
smith,3044,0,'professor_noev',97,'professor_noev',T
engaged,5117,0,'professor_noev',98,'professor_noev',T
in,1999,0,'professor_noev',99,'professor_noev',T
a,1037,0,'professor_noev',100,'professor_noev',T
series,2186,0,'professor_noev',101,'professor_noev',T
of,1997,0,'professor_noev',102,'professor_noev',T
qui,21864,0,'professor_noev',103,'professor_noev',T
##d,2094,0,'professor_noev',104,'professor_noev',T
pro,4013,0,'professor_noev',105,'professor_noev',T
quo,22035,0,'professor_noev',106,'professor_noev',T
sexual,4424,0,'professor_noev',107,'professor_noev',T
relationships,6550,0,'professor_noev',108,'professor_noev',T
with,2007,0,'professor_noev',109,'professor_noev',T
his,2010,0,'professor_noev',110,'professor_noev',T
female,2931,0,'professor_noev',111,'professor_noev',T
graduate,4619,0,'professor_noev',112,'professor_noev',T
students,2493,0,'professor_noev',113,'professor_noev',T
.,1012,0,'professor_noev',114,'professor_noev',T
an,2019,0,'professor_noev',115,'professor_noev',T
independent,2981,0,'professor_noev',116,'professor_noev',T
investigation,4812,0,'professor_noev',117,'professor_noev',T
by,2011,0,'professor_noev',118,'professor_noev',T
an,2019,0,'professor_noev',119,'professor_noev',T
external,6327,0,'professor_noev',120,'professor_noev',T
law,2375,0,'professor_noev',121,'professor_noev',T
firm,3813,0,'professor_noev',122,'professor_noev',T
was,2001,0,'professor_noev',123,'professor_noev',T
commissioned,4837,0,'professor_noev',124,'professor_noev',T
.,1012,0,'professor_noev',125,'professor_noev',T
if,2065,0,'professor_noev',126,'professor_noev',T
found,2179,0,'professor_noev',127,'professor_noev',T
guilty,5905,0,'professor_noev',128,'professor_noev',T
of,1997,0,'professor_noev',129,'professor_noev',T
sexual,4424,0,'professor_noev',130,'professor_noev',T
harassment,16011,0,'professor_noev',131,'professor_noev',T
",",1010,0,'professor_noev',132,'professor_noev',T
smith,3044,0,'professor_noev',133,'professor_noev',T
may,2089,0,'professor_noev',134,'professor_noev',T
be,2022,0,'professor_noev',135,'professor_noev',T
suspended,6731,0,'professor_noev',136,'professor_noev',T
for,2005,0,'professor_noev',137,'professor_noev',T
an,2019,0,'professor_noev',138,'professor_noev',T
indefinite,25617,0,'professor_noev',139,'professor_noev',T
amount,3815,0,'professor_noev',140,'professor_noev',T
of,1997,0,'professor_noev',141,'professor_noev',T
time,2051,0,'professor_noev',142,'professor_noev',T
or,2030,0,'professor_noev',143,'professor_noev',T
even,2130,0,'professor_noev',144,'professor_noev',T
fired,5045,0,'professor_noev',145,'professor_noev',T
",",1010,0,'professor_noev',146,'professor_noev',T
a,1037,0,'professor_noev',147,'professor_noev',T
ra,10958,0,'professor_noev',148,'professor_noev',T
##rity,15780,0,'professor_noev',149,'professor_noev',T
for,2005,0,'professor_noev',150,'professor_noev',T
tenure,7470,0,'professor_noev',151,'professor_noev',T
##d,2094,0,'professor_noev',152,'professor_noev',T
professors,12655,0,'professor_noev',153,'professor_noev',T
.,1012,0,'professor_noev',154,'professor_noev',T
thanks,4283,1,'smuggler_noev',0,'smuggler_noev',F
to,2000,1,'smuggler_noev',1,'smuggler_noev',F
a,1037,1,'smuggler_noev',2,'smuggler_noev',F
routine,9410,1,'smuggler_noev',3,'smuggler_noev',F
cargo,6636,1,'smuggler_noev',4,'smuggler_noev',F
vessel,6258,1,'smuggler_noev',5,'smuggler_noev',F
check,4638,1,'smuggler_noev',6,'smuggler_noev',F
",",1010,1,'smuggler_noev',7,'smuggler_noev',F
the,1996,1,'smuggler_noev',8,'smuggler_noev',F
indonesian,9003,1,'smuggler_noev',9,'smuggler_noev',F
police,2610,1,'smuggler_noev',10,'smuggler_noev',F
were,2020,1,'smuggler_noev',11,'smuggler_noev',F
able,2583,1,'smuggler_noev',12,'smuggler_noev',F
to,2000,1,'smuggler_noev',13,'smuggler_noev',F
prevent,4652,1,'smuggler_noev',14,'smuggler_noev',F
a,1037,1,'smuggler_noev',15,'smuggler_noev',F
smuggling,19535,1,'smuggler_noev',16,'smuggler_noev',F
attempt,3535,1,'smuggler_noev',17,'smuggler_noev',F
.,1012,1,'smuggler_noev',18,'smuggler_noev',F
they,2027,1,'smuggler_noev',19,'smuggler_noev',F
found,2179,1,'smuggler_noev',20,'smuggler_noev',F
150,5018,1,'smuggler_noev',21,'smuggler_noev',F
exotic,12564,1,'smuggler_noev',22,'smuggler_noev',F
birds,5055,1,'smuggler_noev',23,'smuggler_noev',F
stuffed,11812,1,'smuggler_noev',24,'smuggler_noev',F
into,2046,1,'smuggler_noev',25,'smuggler_noev',F
plastic,6081,1,'smuggler_noev',26,'smuggler_noev',F
drain,12475,1,'smuggler_noev',27,'smuggler_noev',F
pipes,12432,1,'smuggler_noev',28,'smuggler_noev',F
that,2008,1,'smuggler_noev',29,'smuggler_noev',F
were,2020,1,'smuggler_noev',30,'smuggler_noev',F
sealed,10203,1,'smuggler_noev',31,'smuggler_noev',F
at,2012,1,'smuggler_noev',32,'smuggler_noev',F
each,2169,1,'smuggler_noev',33,'smuggler_noev',F
end,2203,1,'smuggler_noev',34,'smuggler_noev',F
by,2011,1,'smuggler_noev',35,'smuggler_noev',F
a,1037,1,'smuggler_noev',36,'smuggler_noev',F
wire,7318,1,'smuggler_noev',37,'smuggler_noev',F
.,1012,1,'smuggler_noev',38,'smuggler_noev',F
the,1996,1,'smuggler_noev',39,'smuggler_noev',F
animals,4176,1,'smuggler_noev',40,'smuggler_noev',F
were,2020,1,'smuggler_noev',41,'smuggler_noev',F
meant,3214,1,'smuggler_noev',42,'smuggler_noev',F
to,2000,1,'smuggler_noev',43,'smuggler_noev',F
be,2022,1,'smuggler_noev',44,'smuggler_noev',F
transported,9687,1,'smuggler_noev',45,'smuggler_noev',F
to,2000,1,'smuggler_noev',46,'smuggler_noev',F
the,1996,1,'smuggler_noev',47,'smuggler_noev',F
us,2149,1,'smuggler_noev',48,'smuggler_noev',F
",",1010,1,'smuggler_noev',49,'smuggler_noev',F
where,2073,1,'smuggler_noev',50,'smuggler_noev',F
they,2027,1,'smuggler_noev',51,'smuggler_noev',F
were,2020,1,'smuggler_noev',52,'smuggler_noev',F
to,2000,1,'smuggler_noev',53,'smuggler_noev',F
be,2022,1,'smuggler_noev',54,'smuggler_noev',F
sold,2853,1,'smuggler_noev',55,'smuggler_noev',F
as,2004,1,'smuggler_noev',56,'smuggler_noev',F
pets,18551,1,'smuggler_noev',57,'smuggler_noev',F
.,1012,1,'smuggler_noev',58,'smuggler_noev',F
the,1996,1,'smuggler_noev',59,'smuggler_noev',F
operation,3169,1,'smuggler_noev',60,'smuggler_noev',F
was,2001,1,'smuggler_noev',61,'smuggler_noev',F
planned,3740,1,'smuggler_noev',62,'smuggler_noev',F
and,1998,1,'smuggler_noev',63,'smuggler_noev',F
executed,6472,1,'smuggler_noev',64,'smuggler_noev',F
by,2011,1,'smuggler_noev',65,'smuggler_noev',F
a,1037,1,'smuggler_noev',66,'smuggler_noev',F
wildlife,6870,1,'smuggler_noev',67,'smuggler_noev',F
trafficking,11626,1,'smuggler_noev',68,'smuggler_noev',F
ring,3614,1,'smuggler_noev',69,'smuggler_noev',F
.,1012,1,'smuggler_noev',70,'smuggler_noev',F
this,2023,1,'smuggler_noev',71,'smuggler_noev',F
delivery,6959,1,'smuggler_noev',72,'smuggler_noev',F
would,2052,1,'smuggler_noev',73,'smuggler_noev',F
have,2031,1,'smuggler_noev',74,'smuggler_noev',F
been,2042,1,'smuggler_noev',75,'smuggler_noev',F
worth,4276,1,'smuggler_noev',76,'smuggler_noev',F
$,1002,1,'smuggler_noev',77,'smuggler_noev',F
250,5539,1,'smuggler_noev',78,'smuggler_noev',F
",",1010,1,'smuggler_noev',79,'smuggler_noev',F
000,2199,1,'smuggler_noev',80,'smuggler_noev',F
.,1012,1,'smuggler_noev',81,'smuggler_noev',F
one,2028,1,'smuggler_noev',82,'smuggler_noev',F
week,2733,1,'smuggler_noev',83,'smuggler_noev',F
after,2044,1,'smuggler_noev',84,'smuggler_noev',F
discovering,13648,1,'smuggler_noev',85,'smuggler_noev',F
the,1996,1,'smuggler_noev',86,'smuggler_noev',F
illegally,17800,1,'smuggler_noev',87,'smuggler_noev',F
captured,4110,1,'smuggler_noev',88,'smuggler_noev',F
birds,5055,1,'smuggler_noev',89,'smuggler_noev',F
",",1010,1,'smuggler_noev',90,'smuggler_noev',F
the,1996,1,'smuggler_noev',91,'smuggler_noev',F
police,2610,1,'smuggler_noev',92,'smuggler_noev',F
arrested,4727,1,'smuggler_noev',93,'smuggler_noev',F
four,2176,1,'smuggler_noev',94,'smuggler_noev',F
men,2273,1,'smuggler_noev',95,'smuggler_noev',F
who,2040,1,'smuggler_noev',96,'smuggler_noev',F
attempted,4692,1,'smuggler_noev',97,'smuggler_noev',F
to,2000,1,'smuggler_noev',98,'smuggler_noev',F
commit,10797,1,'smuggler_noev',99,'smuggler_noev',F
the,1996,1,'smuggler_noev',100,'smuggler_noev',F
smuggling,19535,1,'smuggler_noev',101,'smuggler_noev',F
.,1012,1,'smuggler_noev',102,'smuggler_noev',F
the,1996,1,'smuggler_noev',103,'smuggler_noev',F
men,2273,1,'smuggler_noev',104,'smuggler_noev',F
face,2227,1,'smuggler_noev',105,'smuggler_noev',F
five,2274,1,'smuggler_noev',106,'smuggler_noev',F
years,2086,1,'smuggler_noev',107,'smuggler_noev',F
in,1999,1,'smuggler_noev',108,'smuggler_noev',F
prison,3827,1,'smuggler_noev',109,'smuggler_noev',F
and,1998,1,'smuggler_noev',110,'smuggler_noev',F
a,1037,1,'smuggler_noev',111,'smuggler_noev',F
fine,2986,1,'smuggler_noev',112,'smuggler_noev',F
of,1997,1,'smuggler_noev',113,'smuggler_noev',F
$,1002,1,'smuggler_noev',114,'smuggler_noev',F
800,5385,1,'smuggler_noev',115,'smuggler_noev',F
##0,2692,1,'smuggler_noev',116,'smuggler_noev',F
.,1012,1,'smuggler_noev',117,'smuggler_noev',F
a,1037,2,'professor_noev',0,'professor_noev',F
professor,2934,2,'professor_noev',1,'professor_noev',F
in,1999,2,'professor_noev',2,'professor_noev',F
the,1996,2,'professor_noev',3,'professor_noev',F
neuroscience,23700,2,'professor_noev',4,'professor_noev',F
department,2533,2,'professor_noev',5,'professor_noev',F
at,2012,2,'professor_noev',6,'professor_noev',F
co,2522,2,'professor_noev',7,'professor_noev',F
##rse,22573,2,'professor_noev',8,'professor_noev',F
##n,2078,2,'professor_noev',9,'professor_noev',F
university,2118,2,'professor_noev',10,'professor_noev',F
has,2038,2,'professor_noev',11,'professor_noev',F
been,2042,2,'professor_noev',12,'professor_noev',F
accused,5496,2,'professor_noev',13,'professor_noev',F
of,1997,2,'professor_noev',14,'professor_noev',F
sexual,4424,2,'professor_noev',15,'professor_noev',F
harassment,16011,2,'professor_noev',16,'professor_noev',F
.,1012,2,'professor_noev',17,'professor_noev',F
11,2340,2,'professor_noev',18,'professor_noev',F
women,2308,2,'professor_noev',19,'professor_noev',F
",",1010,2,'professor_noev',20,'professor_noev',F
all,2035,2,'professor_noev',21,'professor_noev',F
of,1997,2,'professor_noev',22,'professor_noev',F
them,2068,2,'professor_noev',23,'professor_noev',F
former,2280,2,'professor_noev',24,'professor_noev',F
graduate,4619,2,'professor_noev',25,'professor_noev',F
students,2493,2,'professor_noev',26,'professor_noev',F
in,1999,2,'professor_noev',27,'professor_noev',F
the,1996,2,'professor_noev',28,'professor_noev',F
department,2533,2,'professor_noev',29,'professor_noev',F
",",1010,2,'professor_noev',30,'professor_noev',F
have,2031,2,'professor_noev',31,'professor_noev',F
come,2272,2,'professor_noev',32,'professor_noev',F
forward,2830,2,'professor_noev',33,'professor_noev',F
with,2007,2,'professor_noev',34,'professor_noev',F
stories,3441,2,'professor_noev',35,'professor_noev',F
about,2055,2,'professor_noev',36,'professor_noev',F
prof,11268,2,'professor_noev',37,'professor_noev',F
.,1012,2,'professor_noev',38,'professor_noev',F
jim,3958,2,'professor_noev',39,'professor_noev',F
smith,3044,2,'professor_noev',40,'professor_noev',F
.,1012,2,'professor_noev',41,'professor_noev',F
smith,3044,2,'professor_noev',42,'professor_noev',F
had,2018,2,'professor_noev',43,'professor_noev',F
frequently,4703,2,'professor_noev',44,'professor_noev',F
commented,7034,2,'professor_noev',45,'professor_noev',F
on,2006,2,'professor_noev',46,'professor_noev',F
women,2308,2,'professor_noev',47,'professor_noev',F
',1005,2,'professor_noev',48,'professor_noev',F
s,1055,2,'professor_noev',49,'professor_noev',F
appearance,3311,2,'professor_noev',50,'professor_noev',F
",",1010,2,'professor_noev',51,'professor_noev',F
forced,3140,2,'professor_noev',52,'professor_noev',F
students,2493,2,'professor_noev',53,'professor_noev',F
to,2000,2,'professor_noev',54,'professor_noev',F
have,2031,2,'professor_noev',55,'professor_noev',F
meetings,6295,2,'professor_noev',56,'professor_noev',F
with,2007,2,'professor_noev',57,'professor_noev',F
him,2032,2,'professor_noev',58,'professor_noev',F
in,1999,2,'professor_noev',59,'professor_noev',F
his,2010,2,'professor_noev',60,'professor_noev',F
private,2797,2,'professor_noev',61,'professor_noev',F
home,2188,2,'professor_noev',62,'professor_noev',F
",",1010,2,'professor_noev',63,'professor_noev',F
and,1998,2,'professor_noev',64,'professor_noev',F
hosted,4354,2,'professor_noev',65,'professor_noev',F
several,2195,2,'professor_noev',66,'professor_noev',F
hot,2980,2,'professor_noev',67,'professor_noev',F
-,1011,2,'professor_noev',68,'professor_noev',F
tub,14366,2,'professor_noev',69,'professor_noev',F
parties,4243,2,'professor_noev',70,'professor_noev',F
that,2008,2,'professor_noev',71,'professor_noev',F
included,2443,2,'professor_noev',72,'professor_noev',F
nu,16371,2,'professor_noev',73,'professor_noev',F
##dity,25469,2,'professor_noev',74,'professor_noev',F
",",1010,2,'professor_noev',75,'professor_noev',F
which,2029,2,'professor_noev',76,'professor_noev',F
students,2493,2,'professor_noev',77,'professor_noev',F
were,2020,2,'professor_noev',78,'professor_noev',F
present,2556,2,'professor_noev',79,'professor_noev',F
at,2012,2,'professor_noev',80,'professor_noev',F
.,1012,2,'professor_noev',81,'professor_noev',F
it,2009,2,'professor_noev',82,'professor_noev',F
was,2001,2,'professor_noev',83,'professor_noev',F
well,2092,2,'professor_noev',84,'professor_noev',F
-,1011,2,'professor_noev',85,'professor_noev',F
known,2124,2,'professor_noev',86,'professor_noev',F
that,2008,2,'professor_noev',87,'professor_noev',F
smith,3044,2,'professor_noev',88,'professor_noev',F
engaged,5117,2,'professor_noev',89,'professor_noev',F
in,1999,2,'professor_noev',90,'professor_noev',F
a,1037,2,'professor_noev',91,'professor_noev',F
series,2186,2,'professor_noev',92,'professor_noev',F
of,1997,2,'professor_noev',93,'professor_noev',F
qui,21864,2,'professor_noev',94,'professor_noev',F
##d,2094,2,'professor_noev',95,'professor_noev',F
pro,4013,2,'professor_noev',96,'professor_noev',F
quo,22035,2,'professor_noev',97,'professor_noev',F
sexual,4424,2,'professor_noev',98,'professor_noev',F
relationships,6550,2,'professor_noev',99,'professor_noev',F
with,2007,2,'professor_noev',100,'professor_noev',F
his,2010,2,'professor_noev',101,'professor_noev',F
female,2931,2,'professor_noev',102,'professor_noev',F
graduate,4619,2,'professor_noev',103,'professor_noev',F
students,2493,2,'professor_noev',104,'professor_noev',F
.,1012,2,'professor_noev',105,'professor_noev',F
an,2019,2,'professor_noev',106,'professor_noev',F
independent,2981,2,'professor_noev',107,'professor_noev',F
investigation,4812,2,'professor_noev',108,'professor_noev',F
by,2011,2,'professor_noev',109,'professor_noev',F
an,2019,2,'professor_noev',110,'professor_noev',F
external,6327,2,'professor_noev',111,'professor_noev',F
law,2375,2,'professor_noev',112,'professor_noev',F
firm,3813,2,'professor_noev',113,'professor_noev',F
was,2001,2,'professor_noev',114,'professor_noev',F
commissioned,4837,2,'professor_noev',115,'professor_noev',F
.,1012,2,'professor_noev',116,'professor_noev',F
smith,3044,2,'professor_noev',117,'professor_noev',F
will,2097,2,'professor_noev',118,'professor_noev',F
be,2022,2,'professor_noev',119,'professor_noev',F
suspended,6731,2,'professor_noev',120,'professor_noev',F
for,2005,2,'professor_noev',121,'professor_noev',F
an,2019,2,'professor_noev',122,'professor_noev',F
indefinite,25617,2,'professor_noev',123,'professor_noev',F
amount,3815,2,'professor_noev',124,'professor_noev',F
of,1997,2,'professor_noev',125,'professor_noev',F
time,2051,2,'professor_noev',126,'professor_noev',F
or,2030,2,'professor_noev',127,'professor_noev',F
even,2130,2,'professor_noev',128,'professor_noev',F
fired,5045,2,'professor_noev',129,'professor_noev',F
",",1010,2,'professor_noev',130,'professor_noev',F
a,1037,2,'professor_noev',131,'professor_noev',F
ra,10958,2,'professor_noev',132,'professor_noev',F
##rity,15780,2,'professor_noev',133,'professor_noev',F
for,2005,2,'professor_noev',134,'professor_noev',F
tenure,7470,2,'professor_noev',135,'professor_noev',F
##d,2094,2,'professor_noev',136,'professor_noev',F
professors,12655,2,'professor_noev',137,'professor_noev',F
.,1012,2,'professor_noev',138,'professor_noev',F
on,2006,3,'scam_noev',0,'scam_noev',F
august,2257,3,'scam_noev',1,'scam_noev',F
30,2382,3,'scam_noev',2,'scam_noev',F
2018,2760,3,'scam_noev',3,'scam_noev',F
",",1010,3,'scam_noev',4,'scam_noev',F
30,2382,3,'scam_noev',5,'scam_noev',F
",",1010,3,'scam_noev',6,'scam_noev',F
000,2199,3,'scam_noev',7,'scam_noev',F
internet,4274,3,'scam_noev',8,'scam_noev',F
users,5198,3,'scam_noev',9,'scam_noev',F
in,1999,3,'scam_noev',10,'scam_noev',F
spain,3577,3,'scam_noev',11,'scam_noev',F
received,2363,3,'scam_noev',12,'scam_noev',F
an,2019,3,'scam_noev',13,'scam_noev',F
email,10373,3,'scam_noev',14,'scam_noev',F
with,2007,3,'scam_noev',15,'scam_noev',F
the,1996,3,'scam_noev',16,'scam_noev',F
subject,3395,3,'scam_noev',17,'scam_noev',F
line,2240,3,'scam_noev',18,'scam_noev',F
',1005,3,'scam_noev',19,'scam_noev',F
immediate,6234,3,'scam_noev',20,'scam_noev',F
response,3433,3,'scam_noev',21,'scam_noev',F
required,3223,3,'scam_noev',22,'scam_noev',F
-,1011,3,'scam_noev',23,'scam_noev',F
copyright,9385,3,'scam_noev',24,'scam_noev',F
infringement,20701,3,'scam_noev',25,'scam_noev',F
',1005,3,'scam_noev',26,'scam_noev',F
.,1012,3,'scam_noev',27,'scam_noev',F
in,1999,3,'scam_noev',28,'scam_noev',F
these,2122,3,'scam_noev',29,'scam_noev',F
emails,22028,3,'scam_noev',30,'scam_noev',F
",",1010,3,'scam_noev',31,'scam_noev',F
the,1996,3,'scam_noev',32,'scam_noev',F
recipients,15991,3,'scam_noev',33,'scam_noev',F
were,2020,3,'scam_noev',34,'scam_noev',F
accused,5496,3,'scam_noev',35,'scam_noev',F
of,1997,3,'scam_noev',36,'scam_noev',F
illegally,17800,3,'scam_noev',37,'scam_noev',F
distributing,20083,3,'scam_noev',38,'scam_noev',F
pornographic,26932,3,'scam_noev',39,'scam_noev',F
content,4180,3,'scam_noev',40,'scam_noev',F
and,1998,3,'scam_noev',41,'scam_noev',F
were,2020,3,'scam_noev',42,'scam_noev',F
instructed,10290,3,'scam_noev',43,'scam_noev',F
to,2000,3,'scam_noev',44,'scam_noev',F
pay,3477,3,'scam_noev',45,'scam_noev',F
$,1002,3,'scam_noev',46,'scam_noev',F
11,2340,3,'scam_noev',47,'scam_noev',F
",",1010,3,'scam_noev',48,'scam_noev',F
500,3156,3,'scam_noev',49,'scam_noev',F
by,2011,3,'scam_noev',50,'scam_noev',F
the,1996,3,'scam_noev',51,'scam_noev',F
end,2203,3,'scam_noev',52,'scam_noev',F
of,1997,3,'scam_noev',53,'scam_noev',F
september,2244,3,'scam_noev',54,'scam_noev',F
to,2000,3,'scam_noev',55,'scam_noev',F
avoid,4468,3,'scam_noev',56,'scam_noev',F
a,1037,3,'scam_noev',57,'scam_noev',F
lawsuit,9870,3,'scam_noev',58,'scam_noev',F
.,1012,3,'scam_noev',59,'scam_noev',F
searching,6575,3,'scam_noev',60,'scam_noev',F
for,2005,3,'scam_noev',61,'scam_noev',F
the,1996,3,'scam_noev',62,'scam_noev',F
email,10373,3,'scam_noev',63,'scam_noev',F
address,4769,3,'scam_noev',64,'scam_noev',F
online,3784,3,'scam_noev',65,'scam_noev',F
leads,5260,3,'scam_noev',66,'scam_noev',F
to,2000,3,'scam_noev',67,'scam_noev',F
an,2019,3,'scam_noev',68,'scam_noev',F
official,2880,3,'scam_noev',69,'scam_noev',F
law,2375,3,'scam_noev',70,'scam_noev',F
firm,3813,3,'scam_noev',71,'scam_noev',F
website,4037,3,'scam_noev',72,'scam_noev',F
located,2284,3,'scam_noev',73,'scam_noev',F
in,1999,3,'scam_noev',74,'scam_noev',F
barcelona,7623,3,'scam_noev',75,'scam_noev',F
.,1012,3,'scam_noev',76,'scam_noev',F
shortly,3859,3,'scam_noev',77,'scam_noev',F
after,2044,3,'scam_noev',78,'scam_noev',F
the,1996,3,'scam_noev',79,'scam_noev',F
emails,22028,3,'scam_noev',80,'scam_noev',F
were,2020,3,'scam_noev',81,'scam_noev',F
sent,2741,3,'scam_noev',82,'scam_noev',F
out,2041,3,'scam_noev',83,'scam_noev',F
",",1010,3,'scam_noev',84,'scam_noev',F
the,1996,3,'scam_noev',85,'scam_noev',F
law,2375,3,'scam_noev',86,'scam_noev',F
firm,3813,3,'scam_noev',87,'scam_noev',F
di,4487,3,'scam_noev',88,'scam_noev',F
##so,6499,3,'scam_noev',89,'scam_noev',F
##wn,7962,3,'scam_noev',90,'scam_noev',F
##ed,2098,3,'scam_noev',91,'scam_noev',F
them,2068,3,'scam_noev',92,'scam_noev',F
",",1010,3,'scam_noev',93,'scam_noev',F
calling,4214,3,'scam_noev',94,'scam_noev',F
them,2068,3,'scam_noev',95,'scam_noev',F
a,1037,3,'scam_noev',96,'scam_noev',F
hoax,28520,3,'scam_noev',97,'scam_noev',F
.,1012,3,'scam_noev',98,'scam_noev',F
police,2610,3,'scam_noev',99,'scam_noev',F
officials,4584,3,'scam_noev',100,'scam_noev',F
state,2110,3,'scam_noev',101,'scam_noev',F
that,2008,3,'scam_noev',102,'scam_noev',F
5,1019,3,'scam_noev',103,'scam_noev',F
%,1003,3,'scam_noev',104,'scam_noev',F
of,1997,3,'scam_noev',105,'scam_noev',F
the,1996,3,'scam_noev',106,'scam_noev',F
recipients,15991,3,'scam_noev',107,'scam_noev',F
have,2031,3,'scam_noev',108,'scam_noev',F
paid,3825,3,'scam_noev',109,'scam_noev',F
the,1996,3,'scam_noev',110,'scam_noev',F
money,2769,3,'scam_noev',111,'scam_noev',F
.,1012,3,'scam_noev',112,'scam_noev',F
this,2023,3,'scam_noev',113,'scam_noev',F
sums,20571,3,'scam_noev',114,'scam_noev',F
to,2000,3,'scam_noev',115,'scam_noev',F
more,2062,3,'scam_noev',116,'scam_noev',F
than,2084,3,'scam_noev',117,'scam_noev',F
$,1002,3,'scam_noev',118,'scam_noev',F
17,2459,3,'scam_noev',119,'scam_noev',F
million,2454,3,'scam_noev',120,'scam_noev',F
that,2008,3,'scam_noev',121,'scam_noev',F
have,2031,3,'scam_noev',122,'scam_noev',F
been,2042,3,'scam_noev',123,'scam_noev',F
paid,3825,3,'scam_noev',124,'scam_noev',F
to,2000,3,'scam_noev',125,'scam_noev',F
the,1996,3,'scam_noev',126,'scam_noev',F
sc,8040,3,'scam_noev',127,'scam_noev',F
##am,3286,3,'scam_noev',128,'scam_noev',F
##mers,16862,3,'scam_noev',129,'scam_noev',F
.,1012,3,'scam_noev',130,'scam_noev',F
now,2085,3,'scam_noev',131,'scam_noev',F
",",1010,3,'scam_noev',132,'scam_noev',F
4,1018,3,'scam_noev',133,'scam_noev',F
weeks,3134,3,'scam_noev',134,'scam_noev',F
later,2101,3,'scam_noev',135,'scam_noev',F
",",1010,3,'scam_noev',136,'scam_noev',F
the,1996,3,'scam_noev',137,'scam_noev',F
police,2610,3,'scam_noev',138,'scam_noev',F
have,2031,3,'scam_noev',139,'scam_noev',F
tracked,12808,3,'scam_noev',140,'scam_noev',F
down,2091,3,'scam_noev',141,'scam_noev',F
the,1996,3,'scam_noev',142,'scam_noev',F
internet,4274,3,'scam_noev',143,'scam_noev',F
cafe,7668,3,'scam_noev',144,'scam_noev',F
from,2013,3,'scam_noev',145,'scam_noev',F
which,2029,3,'scam_noev',146,'scam_noev',F
the,1996,3,'scam_noev',147,'scam_noev',F
emails,22028,3,'scam_noev',148,'scam_noev',F
were,2020,3,'scam_noev',149,'scam_noev',F
sent,2741,3,'scam_noev',150,'scam_noev',F
.,1012,3,'scam_noev',151,'scam_noev',F
after,2044,3,'scam_noev',152,'scam_noev',F
observing,14158,3,'scam_noev',153,'scam_noev',F
the,1996,3,'scam_noev',154,'scam_noev',F
cafe,7668,3,'scam_noev',155,'scam_noev',F
',1005,3,'scam_noev',156,'scam_noev',F
s,1055,3,'scam_noev',157,'scam_noev',F
camera,4950,3,'scam_noev',158,'scam_noev',F
footage,8333,3,'scam_noev',159,'scam_noev',F
",",1010,3,'scam_noev',160,'scam_noev',F
the,1996,3,'scam_noev',161,'scam_noev',F
police,2610,3,'scam_noev',162,'scam_noev',F
arrested,4727,3,'scam_noev',163,'scam_noev',F
a,1037,3,'scam_noev',164,'scam_noev',F
man,2158,3,'scam_noev',165,'scam_noev',F
and,1998,3,'scam_noev',166,'scam_noev',F
a,1037,3,'scam_noev',167,'scam_noev',F
woman,2450,3,'scam_noev',168,'scam_noev',F
(,1006,3,'scam_noev',169,'scam_noev',F
both,2119,3,'scam_noev',170,'scam_noev',F
52,4720,3,'scam_noev',171,'scam_noev',F
),1007,3,'scam_noev',172,'scam_noev',F
who,2040,3,'scam_noev',173,'scam_noev',F
were,2020,3,'scam_noev',174,'scam_noev',F
responsible,3625,3,'scam_noev',175,'scam_noev',F
for,2005,3,'scam_noev',176,'scam_noev',F
the,1996,3,'scam_noev',177,'scam_noev',F
sc,8040,3,'scam_noev',178,'scam_noev',F
##am,3286,3,'scam_noev',179,'scam_noev',F
.,1012,3,'scam_noev',180,'scam_noev',F
they,2027,3,'scam_noev',181,'scam_noev',F
face,2227,3,'scam_noev',182,'scam_noev',F
9,1023,3,'scam_noev',183,'scam_noev',F
years,2086,3,'scam_noev',184,'scam_noev',F
in,1999,3,'scam_noev',185,'scam_noev',F
prison,3827,3,'scam_noev',186,'scam_noev',F
.,1012,3,'scam_noev',187,'scam_noev',F
since,2144,4,'arson_noev',0,'arson_noev',T
mid,3054,4,'arson_noev',1,'arson_noev',T
-,1011,4,'arson_noev',2,'arson_noev',T
april,2258,4,'arson_noev',3,'arson_noev',T
2018,2760,4,'arson_noev',4,'arson_noev',T
",",1010,4,'arson_noev',5,'arson_noev',T
a,1037,4,'arson_noev',6,'arson_noev',T
region,2555,4,'arson_noev',7,'arson_noev',T
in,1999,4,'arson_noev',8,'arson_noev',T
bavaria,11606,4,'arson_noev',9,'arson_noev',T
",",1010,4,'arson_noev',10,'arson_noev',T
germany,2762,4,'arson_noev',11,'arson_noev',T
",",1010,4,'arson_noev',12,'arson_noev',T
has,2038,4,'arson_noev',13,'arson_noev',T
faced,4320,4,'arson_noev',14,'arson_noev',T
a,1037,4,'arson_noev',15,'arson_noev',T
series,2186,4,'arson_noev',16,'arson_noev',T
of,1997,4,'arson_noev',17,'arson_noev',T
fires,8769,4,'arson_noev',18,'arson_noev',T
set,2275,4,'arson_noev',19,'arson_noev',T
by,2011,4,'arson_noev',20,'arson_noev',T
one,2028,4,'arson_noev',21,'arson_noev',T
or,2030,4,'arson_noev',22,'arson_noev',T
more,2062,4,'arson_noev',23,'arson_noev',T
van,3158,4,'arson_noev',24,'arson_noev',T
##dal,9305,4,'arson_noev',25,'arson_noev',T
##s,2015,4,'arson_noev',26,'arson_noev',T
that,2008,4,'arson_noev',27,'arson_noev',T
ignited,22395,4,'arson_noev',28,'arson_noev',T
trash,11669,4,'arson_noev',29,'arson_noev',T
cans,18484,4,'arson_noev',30,'arson_noev',T
",",1010,4,'arson_noev',31,'arson_noev',T
a,1037,4,'arson_noev',32,'arson_noev',T
car,2482,4,'arson_noev',33,'arson_noev',T
",",1010,4,'arson_noev',34,'arson_noev',T
and,1998,4,'arson_noev',35,'arson_noev',T
even,2130,4,'arson_noev',36,'arson_noev',T
an,2019,4,'arson_noev',37,'arson_noev',T
entire,2972,4,'arson_noev',38,'arson_noev',T
town,2237,4,'arson_noev',39,'arson_noev',T
house,2160,4,'arson_noev',40,'arson_noev',T
.,1012,4,'arson_noev',41,'arson_noev',T
at,2012,4,'arson_noev',42,'arson_noev',T
its,2049,4,'arson_noev',43,'arson_noev',T
peak,4672,4,'arson_noev',44,'arson_noev',T
",",1010,4,'arson_noev',45,'arson_noev',T
8,1022,4,'arson_noev',46,'arson_noev',T
different,2367,4,'arson_noev',47,'arson_noev',T
fires,8769,4,'arson_noev',48,'arson_noev',T
were,2020,4,'arson_noev',49,'arson_noev',T
started,2318,4,'arson_noev',50,'arson_noev',T
in,1999,4,'arson_noev',51,'arson_noev',T
a,1037,4,'arson_noev',52,'arson_noev',T
single,2309,4,'arson_noev',53,'arson_noev',T
night,2305,4,'arson_noev',54,'arson_noev',T
.,1012,4,'arson_noev',55,'arson_noev',T
fortunately,14599,4,'arson_noev',56,'arson_noev',T
",",1010,4,'arson_noev',57,'arson_noev',T
nobody,6343,4,'arson_noev',58,'arson_noev',T
was,2001,4,'arson_noev',59,'arson_noev',T
hurt,3480,4,'arson_noev',60,'arson_noev',T
",",1010,4,'arson_noev',61,'arson_noev',T
but,2021,4,'arson_noev',62,'arson_noev',T
the,1996,4,'arson_noev',63,'arson_noev',T
material,3430,4,'arson_noev',64,'arson_noev',T
damages,12394,4,'arson_noev',65,'arson_noev',T
are,2024,4,'arson_noev',66,'arson_noev',T
estimated,4358,4,'arson_noev',67,'arson_noev',T
at,2012,4,'arson_noev',68,'arson_noev',T
around,2105,4,'arson_noev',69,'arson_noev',T
$,1002,4,'arson_noev',70,'arson_noev',T
450,10332,4,'arson_noev',71,'arson_noev',T
",",1010,4,'arson_noev',72,'arson_noev',T
000,2199,4,'arson_noev',73,'arson_noev',T
.,1012,4,'arson_noev',74,'arson_noev',T
the,1996,4,'arson_noev',75,'arson_noev',T
police,2610,4,'arson_noev',76,'arson_noev',T
could,2071,4,'arson_noev',77,'arson_noev',T
not,2025,4,'arson_noev',78,'arson_noev',T
make,2191,4,'arson_noev',79,'arson_noev',T
significant,3278,4,'arson_noev',80,'arson_noev',T
advances,9849,4,'arson_noev',81,'arson_noev',T
in,1999,4,'arson_noev',82,'arson_noev',T
finding,4531,4,'arson_noev',83,'arson_noev',T
the,1996,4,'arson_noev',84,'arson_noev',T
per,2566,4,'arson_noev',85,'arson_noev',T
##pet,22327,4,'arson_noev',86,'arson_noev',T
##rator,16259,4,'arson_noev',87,'arson_noev',T
until,2127,4,'arson_noev',88,'arson_noev',T
they,2027,4,'arson_noev',89,'arson_noev',T
publicly,7271,4,'arson_noev',90,'arson_noev',T
offered,3253,4,'arson_noev',91,'arson_noev',T
a,1037,4,'arson_noev',92,'arson_noev',T
reward,10377,4,'arson_noev',93,'arson_noev',T
of,1997,4,'arson_noev',94,'arson_noev',T
$,1002,4,'arson_noev',95,'arson_noev',T
6000,25961,4,'arson_noev',96,'arson_noev',T
for,2005,4,'arson_noev',97,'arson_noev',T
each,2169,4,'arson_noev',98,'arson_noev',T
helpful,14044,4,'arson_noev',99,'arson_noev',T
tip,5955,4,'arson_noev',100,'arson_noev',T
.,1012,4,'arson_noev',101,'arson_noev',T
a,1037,4,'arson_noev',102,'arson_noev',T
crumpled,19814,4,'arson_noev',103,'arson_noev',T
-,1011,4,'arson_noev',104,'arson_noev',T
up,2039,4,'arson_noev',105,'arson_noev',T
black,2304,4,'arson_noev',106,'arson_noev',T
shirt,3797,4,'arson_noev',107,'arson_noev',T
found,2179,4,'arson_noev',108,'arson_noev',T
at,2012,4,'arson_noev',109,'arson_noev',T
one,2028,4,'arson_noev',110,'arson_noev',T
of,1997,4,'arson_noev',111,'arson_noev',T
the,1996,4,'arson_noev',112,'arson_noev',T
crime,4126,4,'arson_noev',113,'arson_noev',T
scenes,5019,4,'arson_noev',114,'arson_noev',T
and,1998,4,'arson_noev',115,'arson_noev',T
bearing,7682,4,'arson_noev',116,'arson_noev',T
a,1037,4,'arson_noev',117,'arson_noev',T
unique,4310,4,'arson_noev',118,'arson_noev',T
design,2640,4,'arson_noev',119,'arson_noev',T
may,2089,4,'arson_noev',120,'arson_noev',T
have,2031,4,'arson_noev',121,'arson_noev',T
been,2042,4,'arson_noev',122,'arson_noev',T
the,1996,4,'arson_noev',123,'arson_noev',T
critical,4187,4,'arson_noev',124,'arson_noev',T
clue,9789,4,'arson_noev',125,'arson_noev',T
.,1012,4,'arson_noev',126,'arson_noev',T
about,2055,4,'arson_noev',127,'arson_noev',T
a,1037,4,'arson_noev',128,'arson_noev',T
week,2733,4,'arson_noev',129,'arson_noev',T
ago,3283,4,'arson_noev',130,'arson_noev',T
",",1010,4,'arson_noev',131,'arson_noev',T
the,1996,4,'arson_noev',132,'arson_noev',T
police,2610,4,'arson_noev',133,'arson_noev',T
arrested,4727,4,'arson_noev',134,'arson_noev',T
a,1037,4,'arson_noev',135,'arson_noev',T
37,4261,4,'arson_noev',136,'arson_noev',T
year,2095,4,'arson_noev',137,'arson_noev',T
old,2214,4,'arson_noev',138,'arson_noev',T
suspect,8343,4,'arson_noev',139,'arson_noev',T
on,2006,4,'arson_noev',140,'arson_noev',T
charges,5571,4,'arson_noev',141,'arson_noev',T
of,1997,4,'arson_noev',142,'arson_noev',T
second,2117,4,'arson_noev',143,'arson_noev',T
-,1011,4,'arson_noev',144,'arson_noev',T
degree,3014,4,'arson_noev',145,'arson_noev',T
arson,24912,4,'arson_noev',146,'arson_noev',T
.,1012,4,'arson_noev',147,'arson_noev',T
if,2065,4,'arson_noev',148,'arson_noev',T
found,2179,4,'arson_noev',149,'arson_noev',T
guilty,5905,4,'arson_noev',150,'arson_noev',T
",",1010,4,'arson_noev',151,'arson_noev',T
he,2002,4,'arson_noev',152,'arson_noev',T
will,2097,4,'arson_noev',153,'arson_noev',T
face,2227,4,'arson_noev',154,'arson_noev',T
up,2039,4,'arson_noev',155,'arson_noev',T
to,2000,4,'arson_noev',156,'arson_noev',T
10,2184,4,'arson_noev',157,'arson_noev',T
years,2086,4,'arson_noev',158,'arson_noev',T
in,1999,4,'arson_noev',159,'arson_noev',T
prison,3827,4,'arson_noev',160,'arson_noev',T
.,1012,4,'arson_noev',161,'arson_noev',T
since,2144,5,'arson_noev',0,'arson_noev',F
mid,3054,5,'arson_noev',1,'arson_noev',F
-,1011,5,'arson_noev',2,'arson_noev',F
april,2258,5,'arson_noev',3,'arson_noev',F
2018,2760,5,'arson_noev',4,'arson_noev',F
",",1010,5,'arson_noev',5,'arson_noev',F
a,1037,5,'arson_noev',6,'arson_noev',F
region,2555,5,'arson_noev',7,'arson_noev',F
in,1999,5,'arson_noev',8,'arson_noev',F
bavaria,11606,5,'arson_noev',9,'arson_noev',F
",",1010,5,'arson_noev',10,'arson_noev',F
germany,2762,5,'arson_noev',11,'arson_noev',F
",",1010,5,'arson_noev',12,'arson_noev',F
has,2038,5,'arson_noev',13,'arson_noev',F
faced,4320,5,'arson_noev',14,'arson_noev',F
a,1037,5,'arson_noev',15,'arson_noev',F
series,2186,5,'arson_noev',16,'arson_noev',F
of,1997,5,'arson_noev',17,'arson_noev',F
fires,8769,5,'arson_noev',18,'arson_noev',F
set,2275,5,'arson_noev',19,'arson_noev',F
by,2011,5,'arson_noev',20,'arson_noev',F
van,3158,5,'arson_noev',21,'arson_noev',F
##dal,9305,5,'arson_noev',22,'arson_noev',F
##s,2015,5,'arson_noev',23,'arson_noev',F
that,2008,5,'arson_noev',24,'arson_noev',F
ignited,22395,5,'arson_noev',25,'arson_noev',F
trash,11669,5,'arson_noev',26,'arson_noev',F
cans,18484,5,'arson_noev',27,'arson_noev',F
",",1010,5,'arson_noev',28,'arson_noev',F
a,1037,5,'arson_noev',29,'arson_noev',F
car,2482,5,'arson_noev',30,'arson_noev',F
",",1010,5,'arson_noev',31,'arson_noev',F
and,1998,5,'arson_noev',32,'arson_noev',F
even,2130,5,'arson_noev',33,'arson_noev',F
an,2019,5,'arson_noev',34,'arson_noev',F
entire,2972,5,'arson_noev',35,'arson_noev',F
town,2237,5,'arson_noev',36,'arson_noev',F
house,2160,5,'arson_noev',37,'arson_noev',F
.,1012,5,'arson_noev',38,'arson_noev',F
at,2012,5,'arson_noev',39,'arson_noev',F
its,2049,5,'arson_noev',40,'arson_noev',F
peak,4672,5,'arson_noev',41,'arson_noev',F
",",1010,5,'arson_noev',42,'arson_noev',F
8,1022,5,'arson_noev',43,'arson_noev',F
different,2367,5,'arson_noev',44,'arson_noev',F
fires,8769,5,'arson_noev',45,'arson_noev',F
were,2020,5,'arson_noev',46,'arson_noev',F
started,2318,5,'arson_noev',47,'arson_noev',F
in,1999,5,'arson_noev',48,'arson_noev',F
a,1037,5,'arson_noev',49,'arson_noev',F
single,2309,5,'arson_noev',50,'arson_noev',F
night,2305,5,'arson_noev',51,'arson_noev',F
.,1012,5,'arson_noev',52,'arson_noev',F
fortunately,14599,5,'arson_noev',53,'arson_noev',F
",",1010,5,'arson_noev',54,'arson_noev',F
nobody,6343,5,'arson_noev',55,'arson_noev',F
was,2001,5,'arson_noev',56,'arson_noev',F
hurt,3480,5,'arson_noev',57,'arson_noev',F
",",1010,5,'arson_noev',58,'arson_noev',F
but,2021,5,'arson_noev',59,'arson_noev',F
the,1996,5,'arson_noev',60,'arson_noev',F
material,3430,5,'arson_noev',61,'arson_noev',F
damages,12394,5,'arson_noev',62,'arson_noev',F
are,2024,5,'arson_noev',63,'arson_noev',F
$,1002,5,'arson_noev',64,'arson_noev',F
450,10332,5,'arson_noev',65,'arson_noev',F
",",1010,5,'arson_noev',66,'arson_noev',F
000,2199,5,'arson_noev',67,'arson_noev',F
.,1012,5,'arson_noev',68,'arson_noev',F
the,1996,5,'arson_noev',69,'arson_noev',F
police,2610,5,'arson_noev',70,'arson_noev',F
did,2106,5,'arson_noev',71,'arson_noev',F
not,2025,5,'arson_noev',72,'arson_noev',F
make,2191,5,'arson_noev',73,'arson_noev',F
significant,3278,5,'arson_noev',74,'arson_noev',F
advances,9849,5,'arson_noev',75,'arson_noev',F
in,1999,5,'arson_noev',76,'arson_noev',F
finding,4531,5,'arson_noev',77,'arson_noev',F
the,1996,5,'arson_noev',78,'arson_noev',F
per,2566,5,'arson_noev',79,'arson_noev',F
##pet,22327,5,'arson_noev',80,'arson_noev',F
##rator,16259,5,'arson_noev',81,'arson_noev',F
until,2127,5,'arson_noev',82,'arson_noev',F
they,2027,5,'arson_noev',83,'arson_noev',F
publicly,7271,5,'arson_noev',84,'arson_noev',F
offered,3253,5,'arson_noev',85,'arson_noev',F
a,1037,5,'arson_noev',86,'arson_noev',F
reward,10377,5,'arson_noev',87,'arson_noev',F
of,1997,5,'arson_noev',88,'arson_noev',F
$,1002,5,'arson_noev',89,'arson_noev',F
6000,25961,5,'arson_noev',90,'arson_noev',F
for,2005,5,'arson_noev',91,'arson_noev',F
each,2169,5,'arson_noev',92,'arson_noev',F
helpful,14044,5,'arson_noev',93,'arson_noev',F
tip,5955,5,'arson_noev',94,'arson_noev',F
.,1012,5,'arson_noev',95,'arson_noev',F
a,1037,5,'arson_noev',96,'arson_noev',F
crumpled,19814,5,'arson_noev',97,'arson_noev',F
-,1011,5,'arson_noev',98,'arson_noev',F
up,2039,5,'arson_noev',99,'arson_noev',F
black,2304,5,'arson_noev',100,'arson_noev',F
shirt,3797,5,'arson_noev',101,'arson_noev',F
found,2179,5,'arson_noev',102,'arson_noev',F
at,2012,5,'arson_noev',103,'arson_noev',F
one,2028,5,'arson_noev',104,'arson_noev',F
of,1997,5,'arson_noev',105,'arson_noev',F
the,1996,5,'arson_noev',106,'arson_noev',F
crime,4126,5,'arson_noev',107,'arson_noev',F
scenes,5019,5,'arson_noev',108,'arson_noev',F
and,1998,5,'arson_noev',109,'arson_noev',F
bearing,7682,5,'arson_noev',110,'arson_noev',F
a,1037,5,'arson_noev',111,'arson_noev',F
unique,4310,5,'arson_noev',112,'arson_noev',F
design,2640,5,'arson_noev',113,'arson_noev',F
was,2001,5,'arson_noev',114,'arson_noev',F
the,1996,5,'arson_noev',115,'arson_noev',F
critical,4187,5,'arson_noev',116,'arson_noev',F
clue,9789,5,'arson_noev',117,'arson_noev',F
.,1012,5,'arson_noev',118,'arson_noev',F
a,1037,5,'arson_noev',119,'arson_noev',F
week,2733,5,'arson_noev',120,'arson_noev',F
ago,3283,5,'arson_noev',121,'arson_noev',F
",",1010,5,'arson_noev',122,'arson_noev',F
the,1996,5,'arson_noev',123,'arson_noev',F
police,2610,5,'arson_noev',124,'arson_noev',F
arrested,4727,5,'arson_noev',125,'arson_noev',F
a,1037,5,'arson_noev',126,'arson_noev',F
37,4261,5,'arson_noev',127,'arson_noev',F
year,2095,5,'arson_noev',128,'arson_noev',F
old,2214,5,'arson_noev',129,'arson_noev',F
man,2158,5,'arson_noev',130,'arson_noev',F
on,2006,5,'arson_noev',131,'arson_noev',F
charges,5571,5,'arson_noev',132,'arson_noev',F
of,1997,5,'arson_noev',133,'arson_noev',F
second,2117,5,'arson_noev',134,'arson_noev',F
-,1011,5,'arson_noev',135,'arson_noev',F
degree,3014,5,'arson_noev',136,'arson_noev',F
arson,24912,5,'arson_noev',137,'arson_noev',F
.,1012,5,'arson_noev',138,'arson_noev',F
he,2002,5,'arson_noev',139,'arson_noev',F
will,2097,5,'arson_noev',140,'arson_noev',F
face,2227,5,'arson_noev',141,'arson_noev',F
10,2184,5,'arson_noev',142,'arson_noev',F
years,2086,5,'arson_noev',143,'arson_noev',F
in,1999,5,'arson_noev',144,'arson_noev',F
prison,3827,5,'arson_noev',145,'arson_noev',F
.,1012,5,'arson_noev',146,'arson_noev',F
in,1999,6,'bees_noev',0,'bees_noev',T
late,2397,6,'bees_noev',1,'bees_noev',T
december,2285,6,'bees_noev',2,'bees_noev',T
2017,2418,6,'bees_noev',3,'bees_noev',T
",",1010,6,'bees_noev',4,'bees_noev',T
a,1037,6,'bees_noev',5,'bees_noev',T
couple,3232,6,'bees_noev',6,'bees_noev',T
in,1999,6,'bees_noev',7,'bees_noev',T
iowa,5947,6,'bees_noev',8,'bees_noev',T
was,2001,6,'bees_noev',9,'bees_noev',T
checking,9361,6,'bees_noev',10,'bees_noev',T
on,2006,6,'bees_noev',11,'bees_noev',T
their,2037,6,'bees_noev',12,'bees_noev',T
50,2753,6,'bees_noev',13,'bees_noev',T
bee,10506,6,'bees_noev',14,'bees_noev',T
##hi,4048,6,'bees_noev',15,'bees_noev',T
##ves,6961,6,'bees_noev',16,'bees_noev',T
when,2043,6,'bees_noev',17,'bees_noev',T
they,2027,6,'bees_noev',18,'bees_noev',T
discovered,3603,6,'bees_noev',19,'bees_noev',T
a,1037,6,'bees_noev',20,'bees_noev',T
tragic,13800,6,'bees_noev',21,'bees_noev',T
scene,3496,6,'bees_noev',22,'bees_noev',T
.,1012,6,'bees_noev',23,'bees_noev',T
the,1996,6,'bees_noev',24,'bees_noev',T
hive,26736,6,'bees_noev',25,'bees_noev',T
##s,2015,6,'bees_noev',26,'bees_noev',T
had,2018,6,'bees_noev',27,'bees_noev',T
been,2042,6,'bees_noev',28,'bees_noev',T
overturned,17068,6,'bees_noev',29,'bees_noev',T
and,1998,6,'bees_noev',30,'bees_noev',T
hacked,28719,6,'bees_noev',31,'bees_noev',T
apart,4237,6,'bees_noev',32,'bees_noev',T
",",1010,6,'bees_noev',33,'bees_noev',T
and,1998,6,'bees_noev',34,'bees_noev',T
the,1996,6,'bees_noev',35,'bees_noev',T
equipment,3941,6,'bees_noev',36,'bees_noev',T
had,2018,6,'bees_noev',37,'bees_noev',T
been,2042,6,'bees_noev',38,'bees_noev',T
thrown,6908,6,'bees_noev',39,'bees_noev',T
out,2041,6,'bees_noev',40,'bees_noev',T
of,1997,6,'bees_noev',41,'bees_noev',T
the,1996,6,'bees_noev',42,'bees_noev',T
shed,8328,6,'bees_noev',43,'bees_noev',T
and,1998,6,'bees_noev',44,'bees_noev',T
smashed,14368,6,'bees_noev',45,'bees_noev',T
.,1012,6,'bees_noev',46,'bees_noev',T
this,2023,6,'bees_noev',47,'bees_noev',T
destruction,6215,6,'bees_noev',48,'bees_noev',T
caused,3303,6,'bees_noev',49,'bees_noev',T
the,1996,6,'bees_noev',50,'bees_noev',T
death,2331,6,'bees_noev',51,'bees_noev',T
of,1997,6,'bees_noev',52,'bees_noev',T
about,2055,6,'bees_noev',53,'bees_noev',T
half,2431,6,'bees_noev',54,'bees_noev',T
a,1037,6,'bees_noev',55,'bees_noev',T
million,2454,6,'bees_noev',56,'bees_noev',T
bees,13734,6,'bees_noev',57,'bees_noev',T
and,1998,6,'bees_noev',58,'bees_noev',T
approximately,3155,6,'bees_noev',59,'bees_noev',T
$,1002,6,'bees_noev',60,'bees_noev',T
60,3438,6,'bees_noev',61,'bees_noev',T
",",1010,6,'bees_noev',62,'bees_noev',T
000,2199,6,'bees_noev',63,'bees_noev',T
in,1999,6,'bees_noev',64,'bees_noev',T
property,3200,6,'bees_noev',65,'bees_noev',T
damage,4053,6,'bees_noev',66,'bees_noev',T
.,1012,6,'bees_noev',67,'bees_noev',T
nearly,3053,6,'bees_noev',68,'bees_noev',T
three,2093,6,'bees_noev',69,'bees_noev',T
weeks,3134,6,'bees_noev',70,'bees_noev',T
later,2101,6,'bees_noev',71,'bees_noev',T
",",1010,6,'bees_noev',72,'bees_noev',T
police,2610,6,'bees_noev',73,'bees_noev',T
arrested,4727,6,'bees_noev',74,'bees_noev',T
two,2048,6,'bees_noev',75,'bees_noev',T
boys,3337,6,'bees_noev',76,'bees_noev',T
(,1006,6,'bees_noev',77,'bees_noev',T
12,2260,6,'bees_noev',78,'bees_noev',T
and,1998,6,'bees_noev',79,'bees_noev',T
13,2410,6,'bees_noev',80,'bees_noev',T
years,2086,6,'bees_noev',81,'bees_noev',T
old,2214,6,'bees_noev',82,'bees_noev',T
),1007,6,'bees_noev',83,'bees_noev',T
who,2040,6,'bees_noev',84,'bees_noev',T
",",1010,6,'bees_noev',85,'bees_noev',T
allegedly,9382,6,'bees_noev',86,'bees_noev',T
",",1010,6,'bees_noev',87,'bees_noev',T
were,2020,6,'bees_noev',88,'bees_noev',T
responsible,3625,6,'bees_noev',89,'bees_noev',T
for,2005,6,'bees_noev',90,'bees_noev',T
the,1996,6,'bees_noev',91,'bees_noev',T
damage,4053,6,'bees_noev',92,'bees_noev',T
.,1012,6,'bees_noev',93,'bees_noev',T
the,1996,6,'bees_noev',94,'bees_noev',T
charges,5571,6,'bees_noev',95,'bees_noev',T
against,2114,6,'bees_noev',96,'bees_noev',T
them,2068,6,'bees_noev',97,'bees_noev',T
include,2421,6,'bees_noev',98,'bees_noev',T
criminal,4735,6,'bees_noev',99,'bees_noev',T
mischief,25166,6,'bees_noev',100,'bees_noev',T
",",1010,6,'bees_noev',101,'bees_noev',T
bu,20934,6,'bees_noev',102,'bees_noev',T
##rg,10623,6,'bees_noev',103,'bees_noev',T
##lary,28221,6,'bees_noev',104,'bees_noev',T
",",1010,6,'bees_noev',105,'bees_noev',T
and,1998,6,'bees_noev',106,'bees_noev',T
offenses,25173,6,'bees_noev',107,'bees_noev',T
to,2000,6,'bees_noev',108,'bees_noev',T
an,2019,6,'bees_noev',109,'bees_noev',T
agricultural,4910,6,'bees_noev',110,'bees_noev',T
animal,4111,6,'bees_noev',111,'bees_noev',T
facility,4322,6,'bees_noev',112,'bees_noev',T
.,1012,6,'bees_noev',113,'bees_noev',T
since,2144,6,'bees_noev',114,'bees_noev',T
they,2027,6,'bees_noev',115,'bees_noev',T
are,2024,6,'bees_noev',116,'bees_noev',T
still,2145,6,'bees_noev',117,'bees_noev',T
minors,18464,6,'bees_noev',118,'bees_noev',T
",",1010,6,'bees_noev',119,'bees_noev',T
they,2027,6,'bees_noev',120,'bees_noev',T
will,2097,6,'bees_noev',121,'bees_noev',T
be,2022,6,'bees_noev',122,'bees_noev',T
charged,5338,6,'bees_noev',123,'bees_noev',T
in,1999,6,'bees_noev',124,'bees_noev',T
juvenile,11799,6,'bees_noev',125,'bees_noev',T
court,2457,6,'bees_noev',126,'bees_noev',T
where,2073,6,'bees_noev',127,'bees_noev',T
they,2027,6,'bees_noev',128,'bees_noev',T
face,2227,6,'bees_noev',129,'bees_noev',T
up,2039,6,'bees_noev',130,'bees_noev',T
to,2000,6,'bees_noev',131,'bees_noev',T
10,2184,6,'bees_noev',132,'bees_noev',T
years,2086,6,'bees_noev',133,'bees_noev',T
in,1999,6,'bees_noev',134,'bees_noev',T
prison,3827,6,'bees_noev',135,'bees_noev',T
and,1998,6,'bees_noev',136,'bees_noev',T
fines,21892,6,'bees_noev',137,'bees_noev',T
of,1997,6,'bees_noev',138,'bees_noev',T
up,2039,6,'bees_noev',139,'bees_noev',T
to,2000,6,'bees_noev',140,'bees_noev',T
$,1002,6,'bees_noev',141,'bees_noev',T
10,2184,6,'bees_noev',142,'bees_noev',T
",",1010,6,'bees_noev',143,'bees_noev',T
000,2199,6,'bees_noev',144,'bees_noev',T
if,2065,6,'bees_noev',145,'bees_noev',T
convicted,7979,6,'bees_noev',146,'bees_noev',T
.,1012,6,'bees_noev',147,'bees_noev',T
in,1999,7,'bees_noev',0,'bees_noev',F
late,2397,7,'bees_noev',1,'bees_noev',F
december,2285,7,'bees_noev',2,'bees_noev',F
2017,2418,7,'bees_noev',3,'bees_noev',F
",",1010,7,'bees_noev',4,'bees_noev',F
a,1037,7,'bees_noev',5,'bees_noev',F
couple,3232,7,'bees_noev',6,'bees_noev',F
in,1999,7,'bees_noev',7,'bees_noev',F
iowa,5947,7,'bees_noev',8,'bees_noev',F
was,2001,7,'bees_noev',9,'bees_noev',F
checking,9361,7,'bees_noev',10,'bees_noev',F
on,2006,7,'bees_noev',11,'bees_noev',F
their,2037,7,'bees_noev',12,'bees_noev',F
50,2753,7,'bees_noev',13,'bees_noev',F
bee,10506,7,'bees_noev',14,'bees_noev',F
##hi,4048,7,'bees_noev',15,'bees_noev',F
##ves,6961,7,'bees_noev',16,'bees_noev',F
when,2043,7,'bees_noev',17,'bees_noev',F
they,2027,7,'bees_noev',18,'bees_noev',F
discovered,3603,7,'bees_noev',19,'bees_noev',F
a,1037,7,'bees_noev',20,'bees_noev',F
tragic,13800,7,'bees_noev',21,'bees_noev',F
scene,3496,7,'bees_noev',22,'bees_noev',F
.,1012,7,'bees_noev',23,'bees_noev',F
the,1996,7,'bees_noev',24,'bees_noev',F
hive,26736,7,'bees_noev',25,'bees_noev',F
##s,2015,7,'bees_noev',26,'bees_noev',F
had,2018,7,'bees_noev',27,'bees_noev',F
been,2042,7,'bees_noev',28,'bees_noev',F
overturned,17068,7,'bees_noev',29,'bees_noev',F
and,1998,7,'bees_noev',30,'bees_noev',F
hacked,28719,7,'bees_noev',31,'bees_noev',F
apart,4237,7,'bees_noev',32,'bees_noev',F
",",1010,7,'bees_noev',33,'bees_noev',F
and,1998,7,'bees_noev',34,'bees_noev',F
the,1996,7,'bees_noev',35,'bees_noev',F
equipment,3941,7,'bees_noev',36,'bees_noev',F
had,2018,7,'bees_noev',37,'bees_noev',F
been,2042,7,'bees_noev',38,'bees_noev',F
thrown,6908,7,'bees_noev',39,'bees_noev',F
out,2041,7,'bees_noev',40,'bees_noev',F
of,1997,7,'bees_noev',41,'bees_noev',F
the,1996,7,'bees_noev',42,'bees_noev',F
shed,8328,7,'bees_noev',43,'bees_noev',F
and,1998,7,'bees_noev',44,'bees_noev',F
smashed,14368,7,'bees_noev',45,'bees_noev',F
.,1012,7,'bees_noev',46,'bees_noev',F
this,2023,7,'bees_noev',47,'bees_noev',F
destruction,6215,7,'bees_noev',48,'bees_noev',F
caused,3303,7,'bees_noev',49,'bees_noev',F
the,1996,7,'bees_noev',50,'bees_noev',F
death,2331,7,'bees_noev',51,'bees_noev',F
of,1997,7,'bees_noev',52,'bees_noev',F
half,2431,7,'bees_noev',53,'bees_noev',F
a,1037,7,'bees_noev',54,'bees_noev',F
million,2454,7,'bees_noev',55,'bees_noev',F
bees,13734,7,'bees_noev',56,'bees_noev',F
and,1998,7,'bees_noev',57,'bees_noev',F
$,1002,7,'bees_noev',58,'bees_noev',F
60,3438,7,'bees_noev',59,'bees_noev',F
",",1010,7,'bees_noev',60,'bees_noev',F
000,2199,7,'bees_noev',61,'bees_noev',F
in,1999,7,'bees_noev',62,'bees_noev',F
property,3200,7,'bees_noev',63,'bees_noev',F
damage,4053,7,'bees_noev',64,'bees_noev',F
.,1012,7,'bees_noev',65,'bees_noev',F
three,2093,7,'bees_noev',66,'bees_noev',F
weeks,3134,7,'bees_noev',67,'bees_noev',F
later,2101,7,'bees_noev',68,'bees_noev',F
",",1010,7,'bees_noev',69,'bees_noev',F
police,2610,7,'bees_noev',70,'bees_noev',F
arrested,4727,7,'bees_noev',71,'bees_noev',F
two,2048,7,'bees_noev',72,'bees_noev',F
boys,3337,7,'bees_noev',73,'bees_noev',F
(,1006,7,'bees_noev',74,'bees_noev',F
12,2260,7,'bees_noev',75,'bees_noev',F
and,1998,7,'bees_noev',76,'bees_noev',F
13,2410,7,'bees_noev',77,'bees_noev',F
years,2086,7,'bees_noev',78,'bees_noev',F
old,2214,7,'bees_noev',79,'bees_noev',F
),1007,7,'bees_noev',80,'bees_noev',F
who,2040,7,'bees_noev',81,'bees_noev',F
were,2020,7,'bees_noev',82,'bees_noev',F
responsible,3625,7,'bees_noev',83,'bees_noev',F
for,2005,7,'bees_noev',84,'bees_noev',F
the,1996,7,'bees_noev',85,'bees_noev',F
damage,4053,7,'bees_noev',86,'bees_noev',F
.,1012,7,'bees_noev',87,'bees_noev',F
the,1996,7,'bees_noev',88,'bees_noev',F
charges,5571,7,'bees_noev',89,'bees_noev',F
against,2114,7,'bees_noev',90,'bees_noev',F
them,2068,7,'bees_noev',91,'bees_noev',F
include,2421,7,'bees_noev',92,'bees_noev',F
criminal,4735,7,'bees_noev',93,'bees_noev',F
mischief,25166,7,'bees_noev',94,'bees_noev',F
",",1010,7,'bees_noev',95,'bees_noev',F
bu,20934,7,'bees_noev',96,'bees_noev',F
##rg,10623,7,'bees_noev',97,'bees_noev',F
##lary,28221,7,'bees_noev',98,'bees_noev',F
",",1010,7,'bees_noev',99,'bees_noev',F
and,1998,7,'bees_noev',100,'bees_noev',F
offenses,25173,7,'bees_noev',101,'bees_noev',F
to,2000,7,'bees_noev',102,'bees_noev',F
an,2019,7,'bees_noev',103,'bees_noev',F
agricultural,4910,7,'bees_noev',104,'bees_noev',F
animal,4111,7,'bees_noev',105,'bees_noev',F
facility,4322,7,'bees_noev',106,'bees_noev',F
.,1012,7,'bees_noev',107,'bees_noev',F
since,2144,7,'bees_noev',108,'bees_noev',F
they,2027,7,'bees_noev',109,'bees_noev',F
are,2024,7,'bees_noev',110,'bees_noev',F
still,2145,7,'bees_noev',111,'bees_noev',F
minors,18464,7,'bees_noev',112,'bees_noev',F
",",1010,7,'bees_noev',113,'bees_noev',F
they,2027,7,'bees_noev',114,'bees_noev',F
will,2097,7,'bees_noev',115,'bees_noev',F
be,2022,7,'bees_noev',116,'bees_noev',F
charged,5338,7,'bees_noev',117,'bees_noev',F
in,1999,7,'bees_noev',118,'bees_noev',F
juvenile,11799,7,'bees_noev',119,'bees_noev',F
court,2457,7,'bees_noev',120,'bees_noev',F
where,2073,7,'bees_noev',121,'bees_noev',F
they,2027,7,'bees_noev',122,'bees_noev',F
face,2227,7,'bees_noev',123,'bees_noev',F
10,2184,7,'bees_noev',124,'bees_noev',F
years,2086,7,'bees_noev',125,'bees_noev',F
in,1999,7,'bees_noev',126,'bees_noev',F
prison,3827,7,'bees_noev',127,'bees_noev',F
and,1998,7,'bees_noev',128,'bees_noev',F
fines,21892,7,'bees_noev',129,'bees_noev',F
of,1997,7,'bees_noev',130,'bees_noev',F
$,1002,7,'bees_noev',131,'bees_noev',F
10,2184,7,'bees_noev',132,'bees_noev',F
",",1010,7,'bees_noev',133,'bees_noev',F
000,2199,7,'bees_noev',134,'bees_noev',F
.,1012,7,'bees_noev',135,'bees_noev',F
on,2006,8,'scam_noev',0,'scam_noev',T
august,2257,8,'scam_noev',1,'scam_noev',T
30,2382,8,'scam_noev',2,'scam_noev',T
2018,2760,8,'scam_noev',3,'scam_noev',T
",",1010,8,'scam_noev',4,'scam_noev',T
30,2382,8,'scam_noev',5,'scam_noev',T
",",1010,8,'scam_noev',6,'scam_noev',T
000,2199,8,'scam_noev',7,'scam_noev',T
internet,4274,8,'scam_noev',8,'scam_noev',T
users,5198,8,'scam_noev',9,'scam_noev',T
in,1999,8,'scam_noev',10,'scam_noev',T
spain,3577,8,'scam_noev',11,'scam_noev',T
received,2363,8,'scam_noev',12,'scam_noev',T
an,2019,8,'scam_noev',13,'scam_noev',T
email,10373,8,'scam_noev',14,'scam_noev',T
with,2007,8,'scam_noev',15,'scam_noev',T
the,1996,8,'scam_noev',16,'scam_noev',T
subject,3395,8,'scam_noev',17,'scam_noev',T
line,2240,8,'scam_noev',18,'scam_noev',T
',1005,8,'scam_noev',19,'scam_noev',T
immediate,6234,8,'scam_noev',20,'scam_noev',T
response,3433,8,'scam_noev',21,'scam_noev',T
required,3223,8,'scam_noev',22,'scam_noev',T
-,1011,8,'scam_noev',23,'scam_noev',T
copyright,9385,8,'scam_noev',24,'scam_noev',T
infringement,20701,8,'scam_noev',25,'scam_noev',T
',1005,8,'scam_noev',26,'scam_noev',T
.,1012,8,'scam_noev',27,'scam_noev',T
in,1999,8,'scam_noev',28,'scam_noev',T
these,2122,8,'scam_noev',29,'scam_noev',T
emails,22028,8,'scam_noev',30,'scam_noev',T
",",1010,8,'scam_noev',31,'scam_noev',T
the,1996,8,'scam_noev',32,'scam_noev',T
recipients,15991,8,'scam_noev',33,'scam_noev',T
were,2020,8,'scam_noev',34,'scam_noev',T
accused,5496,8,'scam_noev',35,'scam_noev',T
of,1997,8,'scam_noev',36,'scam_noev',T
illegally,17800,8,'scam_noev',37,'scam_noev',T
distributing,20083,8,'scam_noev',38,'scam_noev',T
pornographic,26932,8,'scam_noev',39,'scam_noev',T
content,4180,8,'scam_noev',40,'scam_noev',T
and,1998,8,'scam_noev',41,'scam_noev',T
were,2020,8,'scam_noev',42,'scam_noev',T
instructed,10290,8,'scam_noev',43,'scam_noev',T
to,2000,8,'scam_noev',44,'scam_noev',T
pay,3477,8,'scam_noev',45,'scam_noev',T
$,1002,8,'scam_noev',46,'scam_noev',T
11,2340,8,'scam_noev',47,'scam_noev',T
",",1010,8,'scam_noev',48,'scam_noev',T
500,3156,8,'scam_noev',49,'scam_noev',T
by,2011,8,'scam_noev',50,'scam_noev',T
the,1996,8,'scam_noev',51,'scam_noev',T
end,2203,8,'scam_noev',52,'scam_noev',T
of,1997,8,'scam_noev',53,'scam_noev',T
september,2244,8,'scam_noev',54,'scam_noev',T
to,2000,8,'scam_noev',55,'scam_noev',T
avoid,4468,8,'scam_noev',56,'scam_noev',T
a,1037,8,'scam_noev',57,'scam_noev',T
lawsuit,9870,8,'scam_noev',58,'scam_noev',T
.,1012,8,'scam_noev',59,'scam_noev',T
searching,6575,8,'scam_noev',60,'scam_noev',T
for,2005,8,'scam_noev',61,'scam_noev',T
the,1996,8,'scam_noev',62,'scam_noev',T
email,10373,8,'scam_noev',63,'scam_noev',T
address,4769,8,'scam_noev',64,'scam_noev',T
online,3784,8,'scam_noev',65,'scam_noev',T
leads,5260,8,'scam_noev',66,'scam_noev',T
to,2000,8,'scam_noev',67,'scam_noev',T
an,2019,8,'scam_noev',68,'scam_noev',T
official,2880,8,'scam_noev',69,'scam_noev',T
law,2375,8,'scam_noev',70,'scam_noev',T
firm,3813,8,'scam_noev',71,'scam_noev',T
website,4037,8,'scam_noev',72,'scam_noev',T
located,2284,8,'scam_noev',73,'scam_noev',T
in,1999,8,'scam_noev',74,'scam_noev',T
barcelona,7623,8,'scam_noev',75,'scam_noev',T
.,1012,8,'scam_noev',76,'scam_noev',T
shortly,3859,8,'scam_noev',77,'scam_noev',T
after,2044,8,'scam_noev',78,'scam_noev',T
the,1996,8,'scam_noev',79,'scam_noev',T
emails,22028,8,'scam_noev',80,'scam_noev',T
were,2020,8,'scam_noev',81,'scam_noev',T
sent,2741,8,'scam_noev',82,'scam_noev',T
out,2041,8,'scam_noev',83,'scam_noev',T
",",1010,8,'scam_noev',84,'scam_noev',T
the,1996,8,'scam_noev',85,'scam_noev',T
law,2375,8,'scam_noev',86,'scam_noev',T
firm,3813,8,'scam_noev',87,'scam_noev',T
di,4487,8,'scam_noev',88,'scam_noev',T
##so,6499,8,'scam_noev',89,'scam_noev',T
##wn,7962,8,'scam_noev',90,'scam_noev',T
##ed,2098,8,'scam_noev',91,'scam_noev',T
them,2068,8,'scam_noev',92,'scam_noev',T
",",1010,8,'scam_noev',93,'scam_noev',T
calling,4214,8,'scam_noev',94,'scam_noev',T
them,2068,8,'scam_noev',95,'scam_noev',T
a,1037,8,'scam_noev',96,'scam_noev',T
hoax,28520,8,'scam_noev',97,'scam_noev',T
.,1012,8,'scam_noev',98,'scam_noev',T
so,2061,8,'scam_noev',99,'scam_noev',T
far,2521,8,'scam_noev',100,'scam_noev',T
",",1010,8,'scam_noev',101,'scam_noev',T
police,2610,8,'scam_noev',102,'scam_noev',T
officials,4584,8,'scam_noev',103,'scam_noev',T
estimate,10197,8,'scam_noev',104,'scam_noev',T
that,2008,8,'scam_noev',105,'scam_noev',T
approximately,3155,8,'scam_noev',106,'scam_noev',T
5,1019,8,'scam_noev',107,'scam_noev',T
%,1003,8,'scam_noev',108,'scam_noev',T
of,1997,8,'scam_noev',109,'scam_noev',T
the,1996,8,'scam_noev',110,'scam_noev',T
recipients,15991,8,'scam_noev',111,'scam_noev',T
have,2031,8,'scam_noev',112,'scam_noev',T
paid,3825,8,'scam_noev',113,'scam_noev',T
the,1996,8,'scam_noev',114,'scam_noev',T
money,2769,8,'scam_noev',115,'scam_noev',T
.,1012,8,'scam_noev',116,'scam_noev',T
this,2023,8,'scam_noev',117,'scam_noev',T
sums,20571,8,'scam_noev',118,'scam_noev',T
to,2000,8,'scam_noev',119,'scam_noev',T
more,2062,8,'scam_noev',120,'scam_noev',T
than,2084,8,'scam_noev',121,'scam_noev',T
$,1002,8,'scam_noev',122,'scam_noev',T
17,2459,8,'scam_noev',123,'scam_noev',T
million,2454,8,'scam_noev',124,'scam_noev',T
that,2008,8,'scam_noev',125,'scam_noev',T
have,2031,8,'scam_noev',126,'scam_noev',T
been,2042,8,'scam_noev',127,'scam_noev',T
paid,3825,8,'scam_noev',128,'scam_noev',T
to,2000,8,'scam_noev',129,'scam_noev',T
the,1996,8,'scam_noev',130,'scam_noev',T
sc,8040,8,'scam_noev',131,'scam_noev',T
##am,3286,8,'scam_noev',132,'scam_noev',T
##mers,16862,8,'scam_noev',133,'scam_noev',T
.,1012,8,'scam_noev',134,'scam_noev',T
now,2085,8,'scam_noev',135,'scam_noev',T
",",1010,8,'scam_noev',136,'scam_noev',T
nearly,3053,8,'scam_noev',137,'scam_noev',T
4,1018,8,'scam_noev',138,'scam_noev',T
weeks,3134,8,'scam_noev',139,'scam_noev',T
later,2101,8,'scam_noev',140,'scam_noev',T
",",1010,8,'scam_noev',141,'scam_noev',T
the,1996,8,'scam_noev',142,'scam_noev',T
police,2610,8,'scam_noev',143,'scam_noev',T
have,2031,8,'scam_noev',144,'scam_noev',T
tracked,12808,8,'scam_noev',145,'scam_noev',T
down,2091,8,'scam_noev',146,'scam_noev',T
the,1996,8,'scam_noev',147,'scam_noev',T
internet,4274,8,'scam_noev',148,'scam_noev',T
cafe,7668,8,'scam_noev',149,'scam_noev',T
from,2013,8,'scam_noev',150,'scam_noev',T
which,2029,8,'scam_noev',151,'scam_noev',T
the,1996,8,'scam_noev',152,'scam_noev',T
emails,22028,8,'scam_noev',153,'scam_noev',T
were,2020,8,'scam_noev',154,'scam_noev',T
sent,2741,8,'scam_noev',155,'scam_noev',T
.,1012,8,'scam_noev',156,'scam_noev',T
after,2044,8,'scam_noev',157,'scam_noev',T
observing,14158,8,'scam_noev',158,'scam_noev',T
the,1996,8,'scam_noev',159,'scam_noev',T
cafe,7668,8,'scam_noev',160,'scam_noev',T
',1005,8,'scam_noev',161,'scam_noev',T
s,1055,8,'scam_noev',162,'scam_noev',T
camera,4950,8,'scam_noev',163,'scam_noev',T
footage,8333,8,'scam_noev',164,'scam_noev',T
",",1010,8,'scam_noev',165,'scam_noev',T
the,1996,8,'scam_noev',166,'scam_noev',T
police,2610,8,'scam_noev',167,'scam_noev',T
arrested,4727,8,'scam_noev',168,'scam_noev',T
a,1037,8,'scam_noev',169,'scam_noev',T
man,2158,8,'scam_noev',170,'scam_noev',T
and,1998,8,'scam_noev',171,'scam_noev',T
a,1037,8,'scam_noev',172,'scam_noev',T
woman,2450,8,'scam_noev',173,'scam_noev',T
(,1006,8,'scam_noev',174,'scam_noev',T
both,2119,8,'scam_noev',175,'scam_noev',T
52,4720,8,'scam_noev',176,'scam_noev',T
),1007,8,'scam_noev',177,'scam_noev',T
who,2040,8,'scam_noev',178,'scam_noev',T
were,2020,8,'scam_noev',179,'scam_noev',T
allegedly,9382,8,'scam_noev',180,'scam_noev',T
responsible,3625,8,'scam_noev',181,'scam_noev',T
for,2005,8,'scam_noev',182,'scam_noev',T
the,1996,8,'scam_noev',183,'scam_noev',T
sc,8040,8,'scam_noev',184,'scam_noev',T
##am,3286,8,'scam_noev',185,'scam_noev',T
.,1012,8,'scam_noev',186,'scam_noev',T
if,2065,8,'scam_noev',187,'scam_noev',T
found,2179,8,'scam_noev',188,'scam_noev',T
guilty,5905,8,'scam_noev',189,'scam_noev',T
",",1010,8,'scam_noev',190,'scam_noev',T
they,2027,8,'scam_noev',191,'scam_noev',T
face,2227,8,'scam_noev',192,'scam_noev',T
up,2039,8,'scam_noev',193,'scam_noev',T
to,2000,8,'scam_noev',194,'scam_noev',T
9,1023,8,'scam_noev',195,'scam_noev',T
years,2086,8,'scam_noev',196,'scam_noev',T
in,1999,8,'scam_noev',197,'scam_noev',T
prison,3827,8,'scam_noev',198,'scam_noev',T
.,1012,8,'scam_noev',199,'scam_noev',T
thanks,4283,9,'smuggler_noev',0,'smuggler_noev',T
to,2000,9,'smuggler_noev',1,'smuggler_noev',T
a,1037,9,'smuggler_noev',2,'smuggler_noev',T
routine,9410,9,'smuggler_noev',3,'smuggler_noev',T
cargo,6636,9,'smuggler_noev',4,'smuggler_noev',T
vessel,6258,9,'smuggler_noev',5,'smuggler_noev',T
check,4638,9,'smuggler_noev',6,'smuggler_noev',T
",",1010,9,'smuggler_noev',7,'smuggler_noev',T
the,1996,9,'smuggler_noev',8,'smuggler_noev',T
indonesian,9003,9,'smuggler_noev',9,'smuggler_noev',T
police,2610,9,'smuggler_noev',10,'smuggler_noev',T
were,2020,9,'smuggler_noev',11,'smuggler_noev',T
able,2583,9,'smuggler_noev',12,'smuggler_noev',T
to,2000,9,'smuggler_noev',13,'smuggler_noev',T
prevent,4652,9,'smuggler_noev',14,'smuggler_noev',T
a,1037,9,'smuggler_noev',15,'smuggler_noev',T
smuggling,19535,9,'smuggler_noev',16,'smuggler_noev',T
attempt,3535,9,'smuggler_noev',17,'smuggler_noev',T
.,1012,9,'smuggler_noev',18,'smuggler_noev',T
they,2027,9,'smuggler_noev',19,'smuggler_noev',T
found,2179,9,'smuggler_noev',20,'smuggler_noev',T
about,2055,9,'smuggler_noev',21,'smuggler_noev',T
150,5018,9,'smuggler_noev',22,'smuggler_noev',T
exotic,12564,9,'smuggler_noev',23,'smuggler_noev',T
birds,5055,9,'smuggler_noev',24,'smuggler_noev',T
stuffed,11812,9,'smuggler_noev',25,'smuggler_noev',T
into,2046,9,'smuggler_noev',26,'smuggler_noev',T
plastic,6081,9,'smuggler_noev',27,'smuggler_noev',T
drain,12475,9,'smuggler_noev',28,'smuggler_noev',T
pipes,12432,9,'smuggler_noev',29,'smuggler_noev',T
that,2008,9,'smuggler_noev',30,'smuggler_noev',T
were,2020,9,'smuggler_noev',31,'smuggler_noev',T
sealed,10203,9,'smuggler_noev',32,'smuggler_noev',T
at,2012,9,'smuggler_noev',33,'smuggler_noev',T
each,2169,9,'smuggler_noev',34,'smuggler_noev',T
end,2203,9,'smuggler_noev',35,'smuggler_noev',T
by,2011,9,'smuggler_noev',36,'smuggler_noev',T
a,1037,9,'smuggler_noev',37,'smuggler_noev',T
wire,7318,9,'smuggler_noev',38,'smuggler_noev',T
.,1012,9,'smuggler_noev',39,'smuggler_noev',T
the,1996,9,'smuggler_noev',40,'smuggler_noev',T
animals,4176,9,'smuggler_noev',41,'smuggler_noev',T
were,2020,9,'smuggler_noev',42,'smuggler_noev',T
meant,3214,9,'smuggler_noev',43,'smuggler_noev',T
to,2000,9,'smuggler_noev',44,'smuggler_noev',T
be,2022,9,'smuggler_noev',45,'smuggler_noev',T
transported,9687,9,'smuggler_noev',46,'smuggler_noev',T
to,2000,9,'smuggler_noev',47,'smuggler_noev',T
the,1996,9,'smuggler_noev',48,'smuggler_noev',T
us,2149,9,'smuggler_noev',49,'smuggler_noev',T
",",1010,9,'smuggler_noev',50,'smuggler_noev',T
where,2073,9,'smuggler_noev',51,'smuggler_noev',T
they,2027,9,'smuggler_noev',52,'smuggler_noev',T
were,2020,9,'smuggler_noev',53,'smuggler_noev',T
to,2000,9,'smuggler_noev',54,'smuggler_noev',T
be,2022,9,'smuggler_noev',55,'smuggler_noev',T
sold,2853,9,'smuggler_noev',56,'smuggler_noev',T
as,2004,9,'smuggler_noev',57,'smuggler_noev',T
pets,18551,9,'smuggler_noev',58,'smuggler_noev',T
.,1012,9,'smuggler_noev',59,'smuggler_noev',T
officials,4584,9,'smuggler_noev',60,'smuggler_noev',T
assume,7868,9,'smuggler_noev',61,'smuggler_noev',T
that,2008,9,'smuggler_noev',62,'smuggler_noev',T
the,1996,9,'smuggler_noev',63,'smuggler_noev',T
operation,3169,9,'smuggler_noev',64,'smuggler_noev',T
was,2001,9,'smuggler_noev',65,'smuggler_noev',T
planned,3740,9,'smuggler_noev',66,'smuggler_noev',T
and,1998,9,'smuggler_noev',67,'smuggler_noev',T
executed,6472,9,'smuggler_noev',68,'smuggler_noev',T
by,2011,9,'smuggler_noev',69,'smuggler_noev',T
a,1037,9,'smuggler_noev',70,'smuggler_noev',T
wildlife,6870,9,'smuggler_noev',71,'smuggler_noev',T
trafficking,11626,9,'smuggler_noev',72,'smuggler_noev',T
ring,3614,9,'smuggler_noev',73,'smuggler_noev',T
.,1012,9,'smuggler_noev',74,'smuggler_noev',T
this,2023,9,'smuggler_noev',75,'smuggler_noev',T
delivery,6959,9,'smuggler_noev',76,'smuggler_noev',T
would,2052,9,'smuggler_noev',77,'smuggler_noev',T
have,2031,9,'smuggler_noev',78,'smuggler_noev',T
been,2042,9,'smuggler_noev',79,'smuggler_noev',T
worth,4276,9,'smuggler_noev',80,'smuggler_noev',T
approximately,3155,9,'smuggler_noev',81,'smuggler_noev',T
$,1002,9,'smuggler_noev',82,'smuggler_noev',T
250,5539,9,'smuggler_noev',83,'smuggler_noev',T
",",1010,9,'smuggler_noev',84,'smuggler_noev',T
000,2199,9,'smuggler_noev',85,'smuggler_noev',T
.,1012,9,'smuggler_noev',86,'smuggler_noev',T
nearly,3053,9,'smuggler_noev',87,'smuggler_noev',T
one,2028,9,'smuggler_noev',88,'smuggler_noev',T
week,2733,9,'smuggler_noev',89,'smuggler_noev',T
after,2044,9,'smuggler_noev',90,'smuggler_noev',T
discovering,13648,9,'smuggler_noev',91,'smuggler_noev',T
the,1996,9,'smuggler_noev',92,'smuggler_noev',T
illegally,17800,9,'smuggler_noev',93,'smuggler_noev',T
captured,4110,9,'smuggler_noev',94,'smuggler_noev',T
birds,5055,9,'smuggler_noev',95,'smuggler_noev',T
",",1010,9,'smuggler_noev',96,'smuggler_noev',T
the,1996,9,'smuggler_noev',97,'smuggler_noev',T
police,2610,9,'smuggler_noev',98,'smuggler_noev',T
arrested,4727,9,'smuggler_noev',99,'smuggler_noev',T
four,2176,9,'smuggler_noev',100,'smuggler_noev',T
men,2273,9,'smuggler_noev',101,'smuggler_noev',T
who,2040,9,'smuggler_noev',102,'smuggler_noev',T
purported,27023,9,'smuggler_noev',103,'smuggler_noev',T
##ly,2135,9,'smuggler_noev',104,'smuggler_noev',T
attempted,4692,9,'smuggler_noev',105,'smuggler_noev',T
to,2000,9,'smuggler_noev',106,'smuggler_noev',T
commit,10797,9,'smuggler_noev',107,'smuggler_noev',T
the,1996,9,'smuggler_noev',108,'smuggler_noev',T
smuggling,19535,9,'smuggler_noev',109,'smuggler_noev',T
.,1012,9,'smuggler_noev',110,'smuggler_noev',T
the,1996,9,'smuggler_noev',111,'smuggler_noev',T
suspects,13172,9,'smuggler_noev',112,'smuggler_noev',T
face,2227,9,'smuggler_noev',113,'smuggler_noev',T
up,2039,9,'smuggler_noev',114,'smuggler_noev',T
to,2000,9,'smuggler_noev',115,'smuggler_noev',T
five,2274,9,'smuggler_noev',116,'smuggler_noev',T
years,2086,9,'smuggler_noev',117,'smuggler_noev',T
in,1999,9,'smuggler_noev',118,'smuggler_noev',T
prison,3827,9,'smuggler_noev',119,'smuggler_noev',T
and,1998,9,'smuggler_noev',120,'smuggler_noev',T
a,1037,9,'smuggler_noev',121,'smuggler_noev',T
fine,2986,9,'smuggler_noev',122,'smuggler_noev',T
of,1997,9,'smuggler_noev',123,'smuggler_noev',T
up,2039,9,'smuggler_noev',124,'smuggler_noev',T
to,2000,9,'smuggler_noev',125,'smuggler_noev',T
$,1002,9,'smuggler_noev',126,'smuggler_noev',T
800,5385,9,'smuggler_noev',127,'smuggler_noev',T
##0,2692,9,'smuggler_noev',128,'smuggler_noev',T
if,2065,9,'smuggler_noev',129,'smuggler_noev',T
found,2179,9,'smuggler_noev',130,'smuggler_noev',T
guilty,5905,9,'smuggler_noev',131,'smuggler_noev',T
.,1012,9,'smuggler_noev',132,'smuggler_noev',T
